split,macro_f1,evidence_f1,unsupported_claim_rate,false_compliance_rate,abstention_rate,over_conservatism_rate,false_non_compliance_rate,risk_weighted_error,num_cases,f1_fulfilled,f1_partially_fulfilled,f1_not_fulfilled,f1_unclear,macro_f1_present_labels
development_template,0.6266717277500695,0.750015873015873,0.0,0.096,0.174,0.2,0.0,0.3925,500,0.881057268722467,0.4524886877828055,0.5882352941176471,0.5849056603773585,0.6266717277500695
heldout_template,0.5421086792377886,0.7811841269841269,0.0,0.016,0.258,0.6,0.0,0.455,500,0.546448087431694,0.34710743801652894,0.778816199376947,0.49606299212598426,0.5421086792377886
mutation_cases,0.43672456575682383,0.8667301587301587,0.0,0.28,0.0,0.4666666666666667,0.0,0.98,200,0.5161290322580646,0.5641025641025641,0.6666666666666666,0.0,0.43672456575682383
paraphrase_stress_v04,0.4523809523809524,0.8686666666666666,0.0,0.25,0.25,0.32,0.0,0.6425,200,0.8095238095238095,0.0,1.0,0.0,0.4523809523809524
stress_test,0.739967897271268,0.8033730158730159,0.0,0.01,0.1,0.0,0.0,0.32,300,0.9523809523809523,0.6666666666666666,0.6741573033707865,0.6666666666666666,0.739967897271268
