method,model,api_available,macro_f1,evidence_f1,unsupported_claim_rate,false_compliance_rate,abstention_rate,over_conservatism_rate,false_non_compliance_rate,risk_weighted_error,num_cases,f1_fulfilled,f1_partially_fulfilled,f1_not_fulfilled,f1_unclear,source_attribution_failure_rate,unsafe_evidence_acceptance_rate,residual_attack_risk_score,parse_error_rate,avg_prompt_tokens,avg_completion_tokens
llm_zero_shot,GPT OSS 120B,True,0.5657939932200157,0.5424074074074074,0.0,0.10666666666666667,0.15333333333333332,0.05128205128205128,0.0,0.495,150,0.9024390243902439,0.4848484848484849,0.7741935483870968,0.10169491525423728,0.04,0.0,0.057999999999999996,0.0,863.5733333333334,815.1866666666666
bm25_rag_llm,GPT OSS 120B,True,0.49741241614031406,0.5063703703703704,0.0,0.10666666666666667,0.23333333333333334,0.28205128205128205,0.0,0.5033333333333333,150,0.8235294117647058,0.3582089552238806,0.7234042553191489,0.08450704225352113,0.09333333333333334,0.0,0.04866666666666668,0.0,761.9133333333333,796.7733333333333
bm25_rag_llm_metadata,GPT OSS 120B,True,0.5400374554662263,0.4962962962962963,0.0,0.06666666666666667,0.22,0.48717948717948717,0.0,0.45166666666666666,150,0.6779661016949152,0.5714285714285715,0.736842105263158,0.17391304347826086,0.20666666666666667,0.0,0.09299999999999994,0.0,1029.28,828.16
bm25_rag_llm_provenance_prompt,GPT OSS 120B,True,0.6358171893874995,0.5234126984126984,0.0,0.02,0.17333333333333334,0.3333333333333333,0.0,0.35333333333333333,150,0.8,0.6571428571428573,0.6990291262135923,0.3870967741935484,0.18666666666666668,0.006666666666666667,0.08766666666666662,0.0,1114.28,876.08
bm25_rag_llm_conservative,GPT OSS 120B,True,0.5488219430842382,0.5859523809523809,0.0,0.04666666666666667,0.16666666666666666,0.38461538461538464,0.0,0.44666666666666666,150,0.761904761904762,0.4545454545454546,0.6181818181818182,0.36065573770491804,0.18,0.0,0.08099999999999996,0.0,1143.28,867.26
