{
  "k": 5,
  "llm_note": "LLM methods were not run; deterministic v18 evaluator makes no provider calls by default.",
  "num_cases": 46,
  "num_evidence": 52,
  "rows": [
    {
      "abstention_rate": 0.5652173913043478,
      "evidence_f1": 0.42805383022774324,
      "f1_fulfilled": 0.0,
      "f1_not_fulfilled": 0.0,
      "f1_partially_fulfilled": 0.5806451612903226,
      "f1_unclear": 0.4864864864864865,
      "false_compliance_rate": 0.2826086956521739,
      "false_non_compliance_rate": 0.0,
      "macro_f1": 0.2667829119442023,
      "method": "metadata_aware",
      "num_cases": 46,
      "over_conservatism_rate": 1.0,
      "residual_grounding_risk": 0.10869565217391304,
      "risk_weighted_error": 0.5869565217391305,
      "source_attribution_failure_rate": 0.08695652173913043,
      "unsafe_evidence_acceptance_rate": 0.08695652173913043,
      "unsupported_claim_rate": 0.0
    },
    {
      "abstention_rate": 0.1956521739130435,
      "evidence_f1": 0.6649068322981366,
      "f1_fulfilled": 0.5806451612903226,
      "f1_not_fulfilled": 0.0,
      "f1_partially_fulfilled": 0.6666666666666667,
      "f1_unclear": 0.09999999999999999,
      "false_compliance_rate": 0.5,
      "false_non_compliance_rate": 0.0,
      "macro_f1": 0.33682795698924733,
      "method": "provenance_balanced",
      "num_cases": 46,
      "over_conservatism_rate": 0.25,
      "residual_grounding_risk": 0.32608695652173914,
      "risk_weighted_error": 1.0869565217391304,
      "source_attribution_failure_rate": 0.10869565217391304,
      "unsafe_evidence_acceptance_rate": 0.10869565217391304,
      "unsupported_claim_rate": 0.0
    },
    {
      "abstention_rate": 0.8260869565217391,
      "evidence_f1": 0.7736024844720497,
      "f1_fulfilled": 0.0,
      "f1_not_fulfilled": 0.0,
      "f1_partially_fulfilled": 0.5,
      "f1_unclear": 0.4081632653061224,
      "false_compliance_rate": 0.2608695652173913,
      "false_non_compliance_rate": 0.0,
      "macro_f1": 0.22704081632653061,
      "method": "provenance_conservative",
      "num_cases": 46,
      "over_conservatism_rate": 1.0,
      "residual_grounding_risk": 0.0,
      "risk_weighted_error": 0.5869565217391305,
      "source_attribution_failure_rate": 0.0,
      "unsafe_evidence_acceptance_rate": 0.0,
      "unsupported_claim_rate": 0.0
    },
    {
      "abstention_rate": 0.8260869565217391,
      "evidence_f1": 0.7736024844720497,
      "f1_fulfilled": 0.0,
      "f1_not_fulfilled": 0.0,
      "f1_partially_fulfilled": 0.5,
      "f1_unclear": 0.4081632653061224,
      "false_compliance_rate": 0.2608695652173913,
      "false_non_compliance_rate": 0.0,
      "macro_f1": 0.22704081632653061,
      "method": "provenance_conservative_with_guard",
      "num_cases": 46,
      "over_conservatism_rate": 1.0,
      "residual_grounding_risk": 0.0,
      "risk_weighted_error": 0.5869565217391305,
      "source_attribution_failure_rate": 0.0,
      "unsafe_evidence_acceptance_rate": 0.0,
      "unsupported_claim_rate": 0.0
    }
  ],
  "seed": 42
}
