{
  "k": 5,
  "llm_note": "LLM methods were not run; deterministic v18b evaluator makes no provider calls by default.",
  "num_cases": 46,
  "num_evidence": 52,
  "rows": [
    {
      "abstention_rate": 0.5652173913043478,
      "evidence_f1": 0.42805383022774324,
      "f1_fulfilled": 0.0,
      "f1_not_fulfilled": 0.0,
      "f1_partially_fulfilled": 0.5806451612903226,
      "f1_unclear": 0.4864864864864865,
      "false_compliance_rate": 0.2826086956521739,
      "false_non_compliance_rate": 0.0,
      "macro_f1": 0.2667829119442023,
      "method": "metadata_aware",
      "num_cases": 46,
      "over_conservatism_rate": 1.0,
      "residual_grounding_risk": 0.10869565217391304,
      "risk_weighted_error": 0.5869565217391305,
      "source_attribution_failure_rate": 0.08695652173913043,
      "unsafe_evidence_acceptance_rate": 0.08695652173913043,
      "unsupported_claim_rate": 0.0
    },
    {
      "abstention_rate": 0.1956521739130435,
      "evidence_f1": 0.6649068322981366,
      "f1_fulfilled": 0.5517241379310345,
      "f1_not_fulfilled": 0.0,
      "f1_partially_fulfilled": 0.625,
      "f1_unclear": 0.09999999999999999,
      "false_compliance_rate": 0.5,
      "false_non_compliance_rate": 0.0,
      "macro_f1": 0.31918103448275864,
      "method": "provenance_balanced",
      "num_cases": 46,
      "over_conservatism_rate": 0.3333333333333333,
      "residual_grounding_risk": 0.30434782608695654,
      "risk_weighted_error": 1.076086956521739,
      "source_attribution_failure_rate": 0.10869565217391304,
      "unsafe_evidence_acceptance_rate": 0.10869565217391304,
      "unsupported_claim_rate": 0.0
    },
    {
      "abstention_rate": 0.782608695652174,
      "evidence_f1": 0.7736024844720497,
      "f1_fulfilled": 0.0,
      "f1_not_fulfilled": 0.0,
      "f1_partially_fulfilled": 0.45454545454545453,
      "f1_unclear": 0.38297872340425526,
      "false_compliance_rate": 0.2826086956521739,
      "false_non_compliance_rate": 0.0,
      "macro_f1": 0.20938104448742745,
      "method": "provenance_conservative",
      "num_cases": 46,
      "over_conservatism_rate": 1.0,
      "residual_grounding_risk": 0.0,
      "risk_weighted_error": 0.6195652173913043,
      "source_attribution_failure_rate": 0.0,
      "unsafe_evidence_acceptance_rate": 0.0,
      "unsupported_claim_rate": 0.0
    },
    {
      "abstention_rate": 0.782608695652174,
      "evidence_f1": 0.7736024844720497,
      "f1_fulfilled": 0.0,
      "f1_not_fulfilled": 0.0,
      "f1_partially_fulfilled": 0.45454545454545453,
      "f1_unclear": 0.38297872340425526,
      "false_compliance_rate": 0.2826086956521739,
      "false_non_compliance_rate": 0.0,
      "macro_f1": 0.20938104448742745,
      "method": "provenance_conservative_with_guard",
      "num_cases": 46,
      "over_conservatism_rate": 1.0,
      "residual_grounding_risk": 0.0,
      "risk_weighted_error": 0.6195652173913043,
      "source_attribution_failure_rate": 0.0,
      "unsafe_evidence_acceptance_rate": 0.0,
      "unsupported_claim_rate": 0.0
    }
  ],
  "seed": 42,
  "version": "v18b"
}
