method,macro_f1,evidence_f1,unsupported_claim_rate,false_compliance_rate,abstention_rate,over_conservatism_rate,false_non_compliance_rate,risk_weighted_error,num_cases,f1_fulfilled,f1_partially_fulfilled,f1_not_fulfilled,f1_unclear,source_attribution_failure_rate,unsafe_evidence_acceptance_rate,residual_grounding_risk
metadata_aware,0.2667829119442023,0.42805383022774324,0.0,0.2826086956521739,0.5652173913043478,1.0,0.0,0.5869565217391305,46,0.0,0.5806451612903226,0.0,0.4864864864864865,0.08695652173913043,0.08695652173913043,0.10869565217391304
provenance_balanced,0.33682795698924733,0.6649068322981366,0.0,0.5,0.1956521739130435,0.25,0.0,1.0869565217391304,46,0.5806451612903226,0.6666666666666667,0.0,0.09999999999999999,0.10869565217391304,0.10869565217391304,0.32608695652173914
provenance_conservative,0.22704081632653061,0.7736024844720497,0.0,0.2608695652173913,0.8260869565217391,1.0,0.0,0.5869565217391305,46,0.0,0.5,0.0,0.4081632653061224,0.0,0.0,0.0
provenance_conservative_with_guard,0.22704081632653061,0.7736024844720497,0.0,0.2608695652173913,0.8260869565217391,1.0,0.0,0.5869565217391305,46,0.0,0.5,0.0,0.4081632653061224,0.0,0.0,0.0
