{
  "k": 5,
  "method": "bm25",
  "metrics": {
    "mrr": 0.9480882352941177,
    "ndcg_at_5": 0.8660858287079628,
    "precision_at_1": 0.9205882352941176,
    "precision_at_5": 0.6029117647058824,
    "recall_at_5": 0.8673235294117647
  },
  "num_cases": 1700,
  "version": "v04"
}
